{"text": "123456781234\u4f60\u597d\u4f60\u597d", "segments": [{"id": 0, "seek": 0, "start": 0.0, "end": 6.140000000000001, "text": "123456781234", "tokens": [50364, 4762, 18, 8465, 22452, 23, 4762, 12249, 50671], "temperature": 0.0, "avg_logprob": -0.42081219809395926, "compression_ratio": 0.8888888888888888, "no_speech_prob": 0.09932443499565125}, {"id": 1, "seek": 0, "start": 6.4, "end": 7.94, "text": "\u4f60\u597d\u4f60\u597d", "tokens": [50684, 26410, 26410, 50761], "temperature": 0.0, "avg_logprob": -0.42081219809395926, "compression_ratio": 0.8888888888888888, "no_speech_prob": 0.09932443499565125}], "language": "zh"}